33438506,AGUSTIN,BUENO,80,M,1
22782886,ALBERT,GOMEZ,34,M,1
53836405,ALBERTO,JARA,45,M,1
62012098,ALEJANDRO,BUENO,32,M,1
36593512,ALEXANDER,MONTES,21,M,1
15876489,ALFONSO,ZULUAGA,36,M,1
50844226,ALFREDO,SEPULVEDA,74,M,1
64818526,ANDRêS,LEVANO,19,F,3
717107,ANDRES,ORTIZ,23,M,1
11668865,ANGEL,LOPEZ,32,M,3
79029278,ARTURO,PEREZ,35,M,1
51149233,BORJA,CASTRO,21,M,2
81880677,CARLOS,LOPEZ,32,M,3
44512998,CESAR,CASTRO,56,M,3
46167016,CHRISTIAN,FLOREZ,38,M,3
76611100,CLARA,POVEDA,28,F,1
19368727,CRISTIAN,RUIZ,20,M,1
42868453,CRISTOBAL,SANCHEZ,41,M,3
6410344,DANIEL,FLOREZ,38,M,3
45377607,DARIO,SENIOR,43,M,2
2565184,DAVID,VERGARA,22,M,1
19067320,DIEGO,ESPA—A,23,M,3
63574442,DOMINGO,BLANCO,35,M,3
45607974,EDUARDO,BUSTAMANTE,40,M,2
33774958,EMILIO,DELGADO,76,M,3
79459749,ENRIQUE,JARA,32,M,2
81670722,ERNESTO,LONDO—O,30,M,2
66618824,ESTEBAN,JIMENEZ,25,M,2
7494238,ESTHER,PINZON,79,F,2
49656116,FELIPE,DIAZ,27,M,1
82061724,FELIX,CACERES,56,M,3
6915125,FERNANDO,DELGADO,32,M,3
82864628,FRANCISCO,PINZON,34,M,3
38708090,GABRIEL,LANCHEROS,32,M,1
22487594,GERMAN,VELASQUEZ,21,M,3
68448343,GONZALO,LANCHEROS,87,M,1
50214891,GREGORIO,MONTES,81,M,2
60223976,GUILLERMO,MIRANDA,37,M,2
65523235,HUGO,PEREZ,76,M,1
9412630,IGNACIO,DULCEY,32,M,3
10290062,ISAAC,QUINTERO,45,M,1
14921221,ISMAEL,ALABE,43,M,1
7213819,IVAN,FLOREZ,65,M,2
37635972,JAIME,DE LA HOZ,21,M,2
42421798,JAVIER,PARDO,34,M,2
32244410,JESUS,RUIZ,43,M,2
14514637,JOAQUIN,HERNANDEZ,23,M,2
38775347,JOEL,MEJIA,33,M,1
50066016,JONATHAN,MARTINEZ,26,M,3
31298875,JORGE,PARDO,44,M,3
57196756,JOSE,CASTRO,28,M,2
57144543,JOSEPH,VELANDIA,39,M,1
76033208,JUAN,DULCEY,50,M,3
4620222,JUAN PABLO,TORO,32,M,2
81610124,JULIAN,ORTIZ,40,M,2
64071928,JULIANA,MEJIA,35,F,1
24336103,JULIO,BLANCO,45,M,1
4674711,LAURA,MIRANDA,65,F,1
62473460,LEONEL,PINEDA,41,M,3
15536849,LILIANA,ALVAREZ,73,F,1
53174491,LORENZO,SUAREZ,59,M,3
74765742,LUCAS,PINZON,43,M,3
31489699,LUCIA,CASTRO,82,F,3
22000981,LUIS,MIRANDA,37,M,2
61022576,MANUEL,QUINTERO,58,M,2
37589226,MARC,QUINTERO,23,M,1
39914410,MARCO,VERGARA,65,M,2
16126959,MARCOS,SUAREZ,35,M,2
57693188,MARIA,JARA,71,F,2
48058655,MARIA,PINZON,43,F,2
57609630,MONICA,MENDIVELSO,65,F,2
31381830,MARIANO,LONDO—O,34,M,2
30816839,MARIO,SUAREZ,34,M,3
83099858,MARTIN,PINZON,32,M,2
8408496,MATEO,VELANDIA,39,M,1
20399728,MIGUEL,MONTES,23,M,2
8550197,NATALIA,MONTES,34,F,3
46691733,NICOLAS,DIAZ,36,M,1
30808431,NORA,SANCHEZ,19,M,2
52094661,OSCAR,VERGARA,35,M,3
73317174,PABLO,CORDOBA,57,M,1
8834337,PAULA,MENDIVELSO,32,F,2
82235984,PEDRO,QUINTERO,43,M,1
48171859,RAFAEL,LINEROS,31,M,3
38122675,RAMON,CASTRO,76,M,1
21387527,RAUL,ZULUAGA,21,M,3
38967216,RICARDO,QUINTERO,32,M,3
11432724,RODRIGO,LEVANO,42,M,1
62227273,RUBEN,LOPEZ,64,M,2
20706186,SALVADOR,JIMENEZ,26,M,3
62016364,SAMUEL,VELANDIA,65,M,3
4567510,SARA,LONDO—O,32,F,1
52497279,SEBASTIAN,MEJIA,64,M,3
32146494,TOMAS,SANCHEZ,32,M,1
21808690,VALENTINA,LANDAZABAL,80,F,2
60596027,VALERIA,ZULUAGA,65,F,1
40087806,VERONICA,JARA,23,F,2
82848175,VICENTE,CASTRO,24,M,3
8163041,VICTOR,GARNICA,65,M,3
75517267,VIOLETA,TORO,72,F,2
